,len,num_of_ray_hit,time,color
0,lens1,10,0,700.0
1,lens1,9,0,700.0
2,lens1,0,0,0
3,lens1,1,0,700.0
4,lens1,0,0,0
5,lens1,0,0,0
6,lens1,10,1,700.0
7,lens1,9,1,700.0
8,lens1,0,1,0
9,lens1,1,1,700.0
10,lens1,0,1,0
11,lens1,0,1,0
12,lens1,10,2,700.0
13,lens1,9,2,700.0
14,lens1,0,2,0
15,lens1,1,2,700.0
16,lens1,0,2,0
17,lens1,0,2,0
18,lens1,10,3,700.0
19,lens1,9,3,700.0
20,lens1,0,3,0
21,lens1,1,3,700.0
22,lens1,0,3,0
23,lens1,0,3,0
24,lens1,10,4,700.0
25,lens1,9,4,700.0
26,lens1,0,4,0
27,lens1,1,4,700.0
28,lens1,0,4,0
29,lens1,0,4,0
30,lens1,10,5,700.0
31,lens1,9,5,700.0
32,lens1,0,5,0
33,lens1,1,5,700.0
34,lens1,0,5,0
35,lens1,0,5,0
36,lens1,10,6,700.0
37,lens1,9,6,700.0
38,lens1,0,6,0
39,lens1,1,6,700.0
40,lens1,0,6,0
41,lens1,0,6,0
42,lens1,10,7,700.0
43,lens1,9,7,700.0
44,lens1,0,7,0
45,lens1,1,7,700.0
46,lens1,0,7,0
47,lens1,0,7,0
48,lens1,10,8,700.0
49,lens1,9,8,700.0
50,lens1,0,8,0
51,lens1,1,8,700.0
52,lens1,0,8,0
53,lens1,0,8,0
54,lens1,10,9,700.0
55,lens1,9,9,700.0
56,lens1,0,9,0
57,lens1,1,9,700.0
58,lens1,0,9,0
59,lens1,0,9,0
60,lens1,10,10,700.0
61,lens1,9,10,700.0
62,lens1,0,10,0
63,lens1,1,10,700.0
64,lens1,0,10,0
65,lens1,0,10,0
66,lens1,10,11,700.0
67,lens1,9,11,700.0
68,lens1,0,11,0
69,lens1,1,11,700.0
70,lens1,0,11,0
71,lens1,0,11,0
72,lens1,10,12,700.0
73,lens1,9,12,700.0
74,lens1,0,12,0
75,lens1,1,12,700.0
76,lens1,0,12,0
77,lens1,0,12,0
78,lens1,10,13,700.0
79,lens1,9,13,700.0
80,lens1,0,13,0
81,lens1,1,13,700.0
82,lens1,0,13,0
83,lens1,0,13,0
84,lens1,10,14,700.0
85,lens1,9,14,700.0
86,lens1,0,14,0
87,lens1,1,14,700.0
88,lens1,0,14,0
89,lens1,0,14,0
90,lens1,10,15,700.0
91,lens1,9,15,700.0
92,lens1,0,15,0
93,lens1,1,15,700.0
94,lens1,0,15,0
95,lens1,0,15,0
96,lens1,10,16,700.0
97,lens1,9,16,700.0
98,lens1,0,16,0
99,lens1,1,16,700.0
100,lens1,0,16,0
101,lens1,0,16,0
102,lens1,10,17,700.0
103,lens1,9,17,700.0
104,lens1,0,17,0
105,lens1,1,17,700.0
106,lens1,0,17,0
107,lens1,0,17,0
108,lens1,10,18,700.0
109,lens1,9,18,700.0
110,lens1,0,18,0
111,lens1,1,18,700.0
112,lens1,0,18,0
113,lens1,0,18,0
114,lens1,10,19,700.0
115,lens1,9,19,700.0
116,lens1,0,19,0
117,lens1,1,19,700.0
118,lens1,0,19,0
119,lens1,0,19,0
120,lens1,10,20,700.0
121,lens1,9,20,700.0
122,lens1,0,20,0
123,lens1,1,20,700.0
124,lens1,0,20,0
125,lens1,0,20,0
126,lens1,10,21,700.0
127,lens1,9,21,700.0
128,lens1,0,21,0
129,lens1,1,21,700.0
130,lens1,0,21,0
131,lens1,0,21,0
132,lens1,10,22,700.0
133,lens1,9,22,700.0
134,lens1,0,22,0
135,lens1,1,22,700.0
136,lens1,0,22,0
137,lens1,0,22,0
138,lens1,10,23,700.0
139,lens1,9,23,700.0
140,lens1,0,23,0
141,lens1,1,23,700.0
142,lens1,0,23,0
143,lens1,0,23,0
144,lens1,10,24,700.0
145,lens1,9,24,700.0
146,lens1,0,24,0
147,lens1,1,24,700.0
148,lens1,0,24,0
149,lens1,0,24,0
150,lens1,10,25,700.0
151,lens1,9,25,700.0
152,lens1,0,25,0
153,lens1,1,25,700.0
154,lens1,0,25,0
155,lens1,0,25,0
156,lens1,10,26,700.0
157,lens1,9,26,700.0
158,lens1,0,26,0
159,lens1,1,26,700.0
160,lens1,0,26,0
161,lens1,0,26,0
162,lens1,10,27,700.0
163,lens1,9,27,700.0
164,lens1,0,27,0
165,lens1,1,27,700.0
166,lens1,0,27,0
167,lens1,0,27,0
168,lens1,10,28,700.0
169,lens1,9,28,700.0
170,lens1,0,28,0
171,lens1,1,28,700.0
172,lens1,0,28,0
173,lens1,0,28,0
174,lens1,10,29,700.0
175,lens1,9,29,700.0
176,lens1,0,29,0
177,lens1,1,29,700.0
178,lens1,0,29,0
179,lens1,0,29,0
180,lens1,10,30,700.0
181,lens1,9,30,700.0
182,lens1,0,30,0
183,lens1,1,30,700.0
184,lens1,0,30,0
185,lens1,0,30,0
186,lens1,10,31,700.0
187,lens1,9,31,700.0
188,lens1,0,31,0
189,lens1,1,31,700.0
190,lens1,0,31,0
191,lens1,0,31,0
192,lens1,10,32,250.0
193,lens1,9,32,250.0
194,lens1,0,32,0
195,lens1,1,32,250.0
196,lens1,0,32,0
197,lens1,0,32,0
198,lens1,10,33,250.0
199,lens1,9,33,250.0
200,lens1,0,33,0
201,lens1,1,33,250.0
202,lens1,0,33,0
203,lens1,0,33,0
204,lens1,10,34,250.0
205,lens1,9,34,250.0
206,lens1,0,34,0
207,lens1,1,34,250.0
208,lens1,0,34,0
209,lens1,0,34,0
210,lens1,10,35,250.0
211,lens1,9,35,250.0
212,lens1,0,35,0
213,lens1,1,35,250.0
214,lens1,0,35,0
215,lens1,0,35,0
216,lens1,10,36,250.0
217,lens1,9,36,250.0
218,lens1,0,36,0
219,lens1,1,36,250.0
220,lens1,0,36,0
221,lens1,0,36,0
222,lens1,10,37,250.0
223,lens1,9,37,250.0
224,lens1,0,37,0
225,lens1,1,37,250.0
226,lens1,0,37,0
227,lens1,0,37,0
228,lens1,10,38,250.0
229,lens1,9,38,250.0
230,lens1,0,38,0
231,lens1,1,38,250.0
232,lens1,0,38,0
233,lens1,0,38,0
234,lens1,10,39,250.0
235,lens1,9,39,250.0
236,lens1,0,39,0
237,lens1,1,39,250.0
238,lens1,0,39,0
239,lens1,0,39,0
240,lens1,10,40,250.0
241,lens1,9,40,250.0
242,lens1,0,40,0
243,lens1,1,40,250.0
244,lens1,0,40,0
245,lens1,0,40,0
246,lens1,10,41,250.0
247,lens1,9,41,250.0
248,lens1,0,41,0
249,lens1,1,41,250.0
250,lens1,0,41,0
251,lens1,0,41,0
252,lens1,10,42,250.0
253,lens1,9,42,250.0
254,lens1,0,42,0
255,lens1,1,42,250.0
256,lens1,0,42,0
257,lens1,0,42,0
258,lens1,10,43,250.0
259,lens1,9,43,250.0
260,lens1,0,43,0
261,lens1,1,43,250.0
262,lens1,0,43,0
263,lens1,0,43,0
264,lens1,10,44,250.0
265,lens1,9,44,250.0
266,lens1,0,44,0
267,lens1,1,44,250.0
268,lens1,0,44,0
269,lens1,0,44,0
270,lens1,10,45,250.0
271,lens1,9,45,250.0
272,lens1,0,45,0
273,lens1,1,45,250.0
274,lens1,0,45,0
275,lens1,0,45,0
276,lens1,10,46,250.0
277,lens1,9,46,250.0
278,lens1,0,46,0
279,lens1,1,46,250.0
280,lens1,0,46,0
281,lens1,0,46,0
282,lens1,10,47,250.0
283,lens1,9,47,250.0
284,lens1,0,47,0
285,lens1,1,47,250.0
286,lens1,0,47,0
287,lens1,0,47,0
288,lens1,10,48,250.0
289,lens1,9,48,250.0
290,lens1,0,48,0
291,lens1,1,48,250.0
292,lens1,0,48,0
293,lens1,0,48,0
294,lens1,10,49,250.0
295,lens1,9,49,250.0
296,lens1,0,49,0
297,lens1,1,49,250.0
298,lens1,0,49,0
299,lens1,0,49,0
300,lens1,10,50,250.0
301,lens1,9,50,250.0
302,lens1,0,50,0
303,lens1,1,50,250.0
304,lens1,0,50,0
305,lens1,0,50,0
306,lens1,10,51,250.0
307,lens1,9,51,250.0
308,lens1,0,51,0
309,lens1,1,51,250.0
310,lens1,0,51,0
311,lens1,0,51,0
312,lens1,10,52,250.0
313,lens1,9,52,250.0
314,lens1,0,52,0
315,lens1,1,52,250.0
316,lens1,0,52,0
317,lens1,0,52,0
318,lens1,10,53,250.0
319,lens1,9,53,250.0
320,lens1,0,53,0
321,lens1,1,53,250.0
322,lens1,0,53,0
323,lens1,0,53,0
324,lens1,10,54,250.0
325,lens1,9,54,250.0
326,lens1,0,54,0
327,lens1,1,54,250.0
328,lens1,0,54,0
329,lens1,0,54,0
330,lens1,10,55,250.0
331,lens1,9,55,250.0
332,lens1,0,55,0
333,lens1,1,55,250.0
334,lens1,0,55,0
335,lens1,0,55,0
336,lens1,10,56,250.0
337,lens1,9,56,250.0
338,lens1,0,56,0
339,lens1,1,56,250.0
340,lens1,0,56,0
341,lens1,0,56,0
342,lens1,10,57,250.0
343,lens1,9,57,250.0
344,lens1,0,57,0
345,lens1,1,57,250.0
346,lens1,0,57,0
347,lens1,0,57,0
348,lens1,10,58,250.0
349,lens1,9,58,250.0
350,lens1,0,58,0
351,lens1,1,58,250.0
352,lens1,0,58,0
353,lens1,0,58,0
354,lens1,10,59,250.0
355,lens1,9,59,250.0
356,lens1,0,59,0
357,lens1,1,59,250.0
358,lens1,0,59,0
359,lens1,0,59,0
360,lens1,10,60,250.0
361,lens1,9,60,250.0
362,lens1,0,60,0
363,lens1,1,60,250.0
364,lens1,0,60,0
365,lens1,0,60,0
366,lens1,10,61,250.0
367,lens1,9,61,250.0
368,lens1,0,61,0
369,lens1,1,61,250.0
370,lens1,0,61,0
371,lens1,0,61,0
372,lens1,10,62,250.0
373,lens1,9,62,250.0
374,lens1,0,62,0
375,lens1,1,62,250.0
376,lens1,0,62,0
377,lens1,0,62,0
378,lens1,10,63,250.0
379,lens1,9,63,250.0
380,lens1,0,63,0
381,lens1,1,63,250.0
382,lens1,0,63,0
383,lens1,0,63,0
384,lens1,10,64,600.0
385,lens1,9,64,600.0
386,lens1,0,64,0
387,lens1,1,64,600.0
388,lens1,0,64,0
389,lens1,0,64,0
390,lens1,10,65,600.0
391,lens1,9,65,600.0
392,lens1,0,65,0
393,lens1,1,65,600.0
394,lens1,0,65,0
395,lens1,0,65,0
396,lens1,10,66,600.0
397,lens1,9,66,600.0
398,lens1,0,66,0
399,lens1,1,66,600.0
400,lens1,0,66,0
401,lens1,0,66,0
402,lens1,10,67,600.0
403,lens1,9,67,600.0
404,lens1,0,67,0
405,lens1,1,67,600.0
406,lens1,0,67,0
407,lens1,0,67,0
408,lens1,10,68,600.0
409,lens1,9,68,600.0
410,lens1,0,68,0
411,lens1,1,68,600.0
412,lens1,0,68,0
413,lens1,0,68,0
414,lens1,10,69,600.0
415,lens1,9,69,600.0
416,lens1,0,69,0
417,lens1,1,69,600.0
418,lens1,0,69,0
419,lens1,0,69,0
420,lens1,10,70,600.0
421,lens1,9,70,600.0
422,lens1,0,70,0
423,lens1,1,70,600.0
424,lens1,0,70,0
425,lens1,0,70,0
426,lens1,10,71,600.0
427,lens1,9,71,600.0
428,lens1,0,71,0
429,lens1,1,71,600.0
430,lens1,0,71,0
431,lens1,0,71,0
432,lens1,10,72,600.0
433,lens1,9,72,600.0
434,lens1,0,72,0
435,lens1,1,72,600.0
436,lens1,0,72,0
437,lens1,0,72,0
438,lens1,10,73,600.0
439,lens1,9,73,600.0
440,lens1,0,73,0
441,lens1,1,73,600.0
442,lens1,0,73,0
443,lens1,0,73,0
444,lens1,10,74,600.0
445,lens1,9,74,600.0
446,lens1,0,74,0
447,lens1,1,74,600.0
448,lens1,0,74,0
449,lens1,0,74,0
450,lens1,10,75,600.0
451,lens1,9,75,600.0
452,lens1,0,75,0
453,lens1,1,75,600.0
454,lens1,0,75,0
455,lens1,0,75,0
456,lens1,10,76,600.0
457,lens1,9,76,600.0
458,lens1,0,76,0
459,lens1,1,76,600.0
460,lens1,0,76,0
461,lens1,0,76,0
462,lens1,10,77,600.0
463,lens1,9,77,600.0
464,lens1,0,77,0
465,lens1,1,77,600.0
466,lens1,0,77,0
467,lens1,0,77,0
468,lens1,10,78,600.0
469,lens1,9,78,600.0
470,lens1,0,78,0
471,lens1,1,78,600.0
472,lens1,0,78,0
473,lens1,0,78,0
474,lens1,10,79,600.0
475,lens1,9,79,600.0
476,lens1,0,79,0
477,lens1,1,79,600.0
478,lens1,0,79,0
479,lens1,0,79,0
480,lens1,10,80,600.0
481,lens1,9,80,600.0
482,lens1,0,80,0
483,lens1,1,80,600.0
484,lens1,0,80,0
485,lens1,0,80,0
486,lens1,10,81,600.0
487,lens1,9,81,600.0
488,lens1,0,81,0
489,lens1,1,81,600.0
490,lens1,0,81,0
491,lens1,0,81,0
492,lens1,10,82,600.0
493,lens1,9,82,600.0
494,lens1,0,82,0
495,lens1,1,82,600.0
496,lens1,0,82,0
497,lens1,0,82,0
498,lens1,1,83,600.0
499,lens1,5,83,600.0
500,lens1,1,83,610.0042381674351
501,lens1,1,83,600.0
502,lens1,0,83,0
503,lens1,0,83,0
504,lens1,0,84,0
505,lens1,4,84,600.0
506,lens1,0,84,0
507,lens1,1,84,600.0
508,lens1,0,84,0
509,lens1,0,84,0
510,lens1,1,85,600.0
511,lens1,4,85,600.0
512,lens1,0,85,0
513,lens1,1,85,600.0
514,lens1,0,85,0
515,lens1,0,85,0
516,lens1,2,86,600.0
517,lens1,4,86,600.0
518,lens1,0,86,0
519,lens1,1,86,600.0
520,lens1,0,86,0
521,lens1,0,86,0
522,lens1,0,87,0
523,lens1,5,87,611.2034473854825
524,lens1,0,87,0
525,lens1,1,87,600.0
526,lens1,0,87,0
527,lens1,0,87,0
528,lens1,1,88,600.0
529,lens1,9,88,600.0
530,lens1,1,88,600.0
531,lens1,1,88,600.0
532,lens1,0,88,0
533,lens1,0,88,0
534,lens1,4,89,600.0
535,lens1,5,89,600.0
536,lens1,2,89,600.0
537,lens1,1,89,600.0
538,lens1,0,89,0
539,lens1,0,89,0
540,lens1,3,90,600.0
541,lens1,4,90,600.0
542,lens1,0,90,0
543,lens1,1,90,600.0
544,lens1,0,90,0
545,lens1,1,90,600.0
546,lens1,0,91,0
547,lens1,6,91,600.0
548,lens1,0,91,0
549,lens1,1,91,600.0
550,lens1,0,91,0
551,lens1,1,91,617.0704954431114
552,lens1,1,92,600.0
553,lens1,6,92,600.0
554,lens1,0,92,0
555,lens1,1,92,600.0
556,lens1,0,92,0
557,lens1,0,92,0
558,lens1,0,93,0
559,lens1,6,93,600.0
560,lens1,0,93,0
561,lens1,1,93,600.0
562,lens1,0,93,0
563,lens1,0,93,0
564,lens1,0,94,0
565,lens1,6,94,600.0
566,lens1,1,94,600.0
567,lens1,1,94,600.0
568,lens1,1,94,618.4473346721653
569,lens1,0,94,0
570,lens1,7,95,600.0
571,lens1,9,95,600.0
572,lens1,0,95,0
573,lens1,1,95,600.0
574,lens1,0,95,0
575,lens1,0,95,0
576,lens1,10,96,555.0
577,lens1,9,96,555.0
578,lens1,0,96,0
579,lens1,1,96,555.0
580,lens1,0,96,0
581,lens1,0,96,0
582,lens1,9,97,555.0
583,lens1,7,97,555.0
584,lens1,0,97,0
585,lens1,1,97,555.0
586,lens1,0,97,0
587,lens1,0,97,0
588,lens1,8,98,555.0
589,lens1,6,98,555.0
590,lens1,1,98,555.0
591,lens1,1,98,555.0
592,lens1,0,98,0
593,lens1,0,98,0
594,lens1,10,99,555.0
595,lens1,9,99,555.0
596,lens1,0,99,0
597,lens1,1,99,555.0
598,lens1,0,99,0
599,lens1,0,99,0
600,lens1,10,100,555.0
601,lens1,9,100,555.0
602,lens1,0,100,0
603,lens1,1,100,555.0
604,lens1,0,100,0
605,lens1,0,100,0
606,lens1,10,101,555.0
607,lens1,9,101,555.0
608,lens1,0,101,0
609,lens1,1,101,555.0
610,lens1,0,101,0
611,lens1,0,101,0
612,lens1,10,102,555.0
613,lens1,9,102,555.0
614,lens1,0,102,0
615,lens1,1,102,555.0
616,lens1,0,102,0
617,lens1,0,102,0
618,lens1,10,103,555.0
619,lens1,9,103,555.0
620,lens1,0,103,0
621,lens1,1,103,555.0
622,lens1,0,103,0
623,lens1,0,103,0
624,lens1,10,104,555.0
625,lens1,9,104,555.0
626,lens1,0,104,0
627,lens1,1,104,555.0
628,lens1,0,104,0
629,lens1,0,104,0
630,lens1,10,105,555.0
631,lens1,9,105,555.0
632,lens1,0,105,0
633,lens1,1,105,555.0
634,lens1,0,105,0
635,lens1,0,105,0
636,lens1,10,106,555.0
637,lens1,9,106,555.0
638,lens1,0,106,0
639,lens1,1,106,555.0
640,lens1,0,106,0
641,lens1,0,106,0
642,lens1,10,107,555.0
643,lens1,9,107,555.0
644,lens1,0,107,0
645,lens1,1,107,555.0
646,lens1,0,107,0
647,lens1,0,107,0
648,lens1,10,108,555.0
649,lens1,9,108,555.0
650,lens1,0,108,0
651,lens1,1,108,555.0
652,lens1,0,108,0
653,lens1,0,108,0
654,lens1,10,109,555.0
655,lens1,9,109,555.0
656,lens1,0,109,0
657,lens1,1,109,555.0
658,lens1,0,109,0
659,lens1,0,109,0
660,lens1,10,110,555.0
661,lens1,9,110,555.0
662,lens1,0,110,0
663,lens1,1,110,555.0
664,lens1,0,110,0
665,lens1,0,110,0
666,lens1,10,111,555.0
667,lens1,9,111,555.0
668,lens1,0,111,0
669,lens1,1,111,555.0
670,lens1,0,111,0
671,lens1,0,111,0
672,lens1,7,112,555.0
673,lens1,8,112,555.0
674,lens1,0,112,0
675,lens1,1,112,555.0
676,lens1,0,112,0
677,lens1,0,112,0
678,lens1,8,113,555.0
679,lens1,9,113,555.0
680,lens1,0,113,0
681,lens1,1,113,555.0
682,lens1,0,113,0
683,lens1,0,113,0
684,lens1,4,114,555.0
685,lens1,5,114,555.0
686,lens1,0,114,0
687,lens1,1,114,555.0
688,lens1,0,114,0
689,lens1,0,114,0
690,lens1,7,115,555.0
691,lens1,5,115,555.0
692,lens1,1,115,619.8426243924254
693,lens1,1,115,555.0
694,lens1,0,115,0
695,lens1,0,115,0
696,lens1,3,116,555.0
697,lens1,6,116,566.7288271043259
698,lens1,1,116,611.958776003436
699,lens1,1,116,555.0
700,lens1,0,116,0
701,lens1,0,116,0
702,lens1,10,117,555.0
703,lens1,9,117,555.0
704,lens1,0,117,0
705,lens1,1,117,555.0
706,lens1,0,117,0
707,lens1,0,117,0
708,lens1,10,118,555.0
709,lens1,9,118,555.0
710,lens1,0,118,0
711,lens1,1,118,555.0
712,lens1,0,118,0
713,lens1,0,118,0
714,lens1,10,119,555.0
715,lens1,9,119,555.0
716,lens1,0,119,0
717,lens1,1,119,555.0
718,lens1,0,119,0
719,lens1,0,119,0
720,lens1,10,120,555.0
721,lens1,9,120,555.0
722,lens1,0,120,0
723,lens1,1,120,555.0
724,lens1,0,120,0
725,lens1,0,120,0
726,lens1,10,121,555.0
727,lens1,9,121,555.0
728,lens1,0,121,0
729,lens1,1,121,555.0
730,lens1,0,121,0
731,lens1,0,121,0
732,lens1,10,122,555.0
733,lens1,9,122,555.0
734,lens1,0,122,0
735,lens1,1,122,555.0
736,lens1,0,122,0
737,lens1,0,122,0
738,lens1,10,123,555.0
739,lens1,4,123,555.0
740,lens1,0,123,0
741,lens1,1,123,555.0
742,lens1,0,123,0
743,lens1,0,123,0
744,lens1,7,124,555.0
745,lens1,0,124,0
746,lens1,0,124,0
747,lens1,1,124,555.0
748,lens1,0,124,0
749,lens1,0,124,0
750,lens1,7,125,555.0
751,lens1,2,125,555.0
752,lens1,0,125,0
753,lens1,1,125,555.0
754,lens1,1,125,634.772584743517
755,lens1,0,125,0
756,lens1,9,126,555.0
757,lens1,3,126,555.0
758,lens1,0,126,0
759,lens1,1,126,555.0
760,lens1,0,126,0
761,lens1,0,126,0
762,lens1,10,127,555.0
763,lens1,9,127,555.0
764,lens1,0,127,0
765,lens1,1,127,555.0
766,lens1,0,127,0
767,lens1,0,127,0
768,lens1,6,128,601.4902487248593
769,lens1,5,128,600.0
770,lens1,0,128,0
771,lens1,1,128,600.0
772,lens1,0,128,0
773,lens1,0,128,0
774,lens1,3,129,600.0
775,lens1,5,129,600.0
776,lens1,0,129,0
777,lens1,1,129,600.0
778,lens1,0,129,0
779,lens1,0,129,0
780,lens1,4,130,600.0
781,lens1,3,130,600.0
782,lens1,0,130,0
783,lens1,1,130,600.0
784,lens1,0,130,0
785,lens1,0,130,0
786,lens1,5,131,600.0
787,lens1,7,131,600.0
788,lens1,0,131,0
789,lens1,1,131,600.0
790,lens1,0,131,0
791,lens1,0,131,0
792,lens1,9,132,600.0
793,lens1,5,132,600.0
794,lens1,0,132,0
795,lens1,1,132,600.0
796,lens1,0,132,0
797,lens1,0,132,0
798,lens1,10,133,600.0
799,lens1,5,133,600.0
800,lens1,0,133,0
801,lens1,1,133,600.0
802,lens1,0,133,0
803,lens1,0,133,0
804,lens1,10,134,600.0
805,lens1,9,134,600.0
806,lens1,0,134,0
807,lens1,1,134,600.0
808,lens1,0,134,0
809,lens1,0,134,0
810,lens1,10,135,600.0
811,lens1,9,135,600.0
812,lens1,0,135,0
813,lens1,1,135,600.0
814,lens1,0,135,0
815,lens1,0,135,0
816,lens1,5,136,600.0
817,lens1,6,136,600.0
818,lens1,0,136,0
819,lens1,1,136,600.0
820,lens1,0,136,0
821,lens1,0,136,0
822,lens1,3,137,600.0
823,lens1,4,137,600.0
824,lens1,0,137,0
825,lens1,1,137,600.0
826,lens1,0,137,0
827,lens1,0,137,0
828,lens1,4,138,600.0
829,lens1,5,138,600.0
830,lens1,0,138,0
831,lens1,1,138,600.0
832,lens1,0,138,0
833,lens1,0,138,0
834,lens1,10,139,600.0
835,lens1,9,139,600.0
836,lens1,0,139,0
837,lens1,1,139,600.0
838,lens1,0,139,0
839,lens1,0,139,0
840,lens1,10,140,600.0
841,lens1,9,140,600.0
842,lens1,0,140,0
843,lens1,1,140,600.0
844,lens1,0,140,0
845,lens1,0,140,0
846,lens1,10,141,600.0
847,lens1,9,141,600.0
848,lens1,0,141,0
849,lens1,1,141,600.0
850,lens1,0,141,0
851,lens1,0,141,0
852,lens1,10,142,600.0
853,lens1,9,142,600.0
854,lens1,0,142,0
855,lens1,1,142,600.0
856,lens1,0,142,0
857,lens1,0,142,0
858,lens1,10,143,600.0
859,lens1,9,143,600.0
860,lens1,0,143,0
861,lens1,1,143,600.0
862,lens1,0,143,0
863,lens1,0,143,0
864,lens1,10,144,600.0
865,lens1,9,144,600.0
866,lens1,0,144,0
867,lens1,1,144,600.0
868,lens1,0,144,0
869,lens1,0,144,0
870,lens1,10,145,600.0
871,lens1,9,145,600.0
872,lens1,0,145,0
873,lens1,1,145,600.0
874,lens1,0,145,0
875,lens1,0,145,0
876,lens1,9,146,600.0
877,lens1,1,146,642.1178226547453
878,lens1,0,146,0
879,lens1,1,146,600.0
880,lens1,0,146,0
881,lens1,1,146,643.1371704441109
882,lens1,8,147,600.0
883,lens1,5,147,600.0
884,lens1,0,147,0
885,lens1,0,147,0
886,lens1,0,147,0
887,lens1,0,147,0
888,lens1,9,148,600.0
889,lens1,1,148,600.0
890,lens1,1,148,609.0293458932489
891,lens1,1,148,600.0
892,lens1,0,148,0
893,lens1,0,148,0
894,lens1,10,149,600.0
895,lens1,9,149,600.0
896,lens1,0,149,0
897,lens1,1,149,600.0
898,lens1,0,149,0
899,lens1,0,149,0
900,lens1,10,150,600.0
901,lens1,9,150,600.0
902,lens1,0,150,0
903,lens1,1,150,600.0
904,lens1,0,150,0
905,lens1,0,150,0
906,lens1,10,151,600.0
907,lens1,9,151,600.0
908,lens1,0,151,0
909,lens1,1,151,600.0
910,lens1,0,151,0
911,lens1,0,151,0
912,lens1,10,152,600.0
913,lens1,9,152,600.0
914,lens1,0,152,0
915,lens1,1,152,600.0
916,lens1,0,152,0
917,lens1,0,152,0
918,lens1,2,153,600.0
919,lens1,3,153,600.0
920,lens1,0,153,0
921,lens1,1,153,600.0
922,lens1,0,153,0
923,lens1,0,153,0
924,lens1,5,154,600.0
925,lens1,3,154,600.0
926,lens1,0,154,0
927,lens1,3,154,600.0
928,lens1,0,154,0
929,lens1,0,154,0
930,lens1,4,155,600.0
931,lens1,1,155,600.0
932,lens1,0,155,0
933,lens1,1,155,600.0
934,lens1,0,155,0
935,lens1,0,155,0
936,lens1,6,156,600.0
937,lens1,2,156,600.0
938,lens1,0,156,0
939,lens1,1,156,600.0
940,lens1,0,156,0
941,lens1,0,156,0
942,lens1,10,157,600.0
943,lens1,9,157,600.0
944,lens1,0,157,0
945,lens1,1,157,600.0
946,lens1,0,157,0
947,lens1,0,157,0
948,lens1,10,158,600.0
949,lens1,9,158,600.0
950,lens1,0,158,0
951,lens1,1,158,600.0
952,lens1,0,158,0
953,lens1,0,158,0
954,lens1,10,159,600.0
955,lens1,9,159,600.0
956,lens1,0,159,0
957,lens1,1,159,600.0
958,lens1,0,159,0
959,lens1,0,159,0
960,lens1,7,160,450.0
961,lens1,0,160,0
962,lens1,0,160,0
963,lens1,1,160,450.0
964,lens1,0,160,0
965,lens1,0,160,0
966,lens1,7,161,450.0
967,lens1,0,161,0
968,lens1,0,161,0
969,lens1,1,161,450.0
970,lens1,0,161,0
971,lens1,0,161,0
972,lens1,10,162,450.0
973,lens1,9,162,450.0
974,lens1,0,162,0
975,lens1,1,162,450.0
976,lens1,0,162,0
977,lens1,0,162,0
978,lens1,10,163,450.0
979,lens1,9,163,450.0
980,lens1,0,163,0
981,lens1,1,163,450.0
982,lens1,0,163,0
983,lens1,0,163,0
984,lens1,10,164,450.0
985,lens1,9,164,450.0
986,lens1,0,164,0
987,lens1,1,164,450.0
988,lens1,0,164,0
989,lens1,0,164,0
990,lens1,10,165,450.0
991,lens1,9,165,450.0
992,lens1,0,165,0
993,lens1,1,165,450.0
994,lens1,0,165,0
995,lens1,0,165,0
996,lens1,10,166,450.0
997,lens1,9,166,450.0
998,lens1,0,166,0
999,lens1,1,166,450.0
1000,lens1,0,166,0
1001,lens1,0,166,0
1002,lens1,10,167,450.0
1003,lens1,9,167,450.0
1004,lens1,0,167,0
1005,lens1,1,167,450.0
1006,lens1,0,167,0
1007,lens1,0,167,0
1008,lens1,10,168,450.0
1009,lens1,9,168,450.0
1010,lens1,0,168,0
1011,lens1,1,168,450.0
1012,lens1,0,168,0
1013,lens1,0,168,0
1014,lens1,10,169,450.0
1015,lens1,9,169,450.0
1016,lens1,0,169,0
1017,lens1,1,169,450.0
1018,lens1,0,169,0
1019,lens1,0,169,0
1020,lens1,10,170,450.0
1021,lens1,9,170,450.0
1022,lens1,0,170,0
1023,lens1,1,170,450.0
1024,lens1,0,170,0
1025,lens1,0,170,0
1026,lens1,10,171,450.0
1027,lens1,9,171,450.0
1028,lens1,0,171,0
1029,lens1,1,171,450.0
1030,lens1,0,171,0
1031,lens1,0,171,0
1032,lens1,10,172,450.0
1033,lens1,9,172,450.0
1034,lens1,0,172,0
1035,lens1,1,172,450.0
1036,lens1,0,172,0
1037,lens1,0,172,0
1038,lens1,10,173,450.0
1039,lens1,9,173,450.0
1040,lens1,0,173,0
1041,lens1,1,173,450.0
1042,lens1,0,173,0
1043,lens1,0,173,0
1044,lens1,10,174,450.0
1045,lens1,9,174,450.0
1046,lens1,0,174,0
1047,lens1,1,174,450.0
1048,lens1,0,174,0
1049,lens1,0,174,0
1050,lens1,10,175,450.0
1051,lens1,9,175,450.0
1052,lens1,0,175,0
1053,lens1,1,175,450.0
1054,lens1,0,175,0
1055,lens1,0,175,0
1056,lens1,10,176,450.0
1057,lens1,9,176,450.0
1058,lens1,0,176,0
1059,lens1,1,176,450.0
1060,lens1,0,176,0
1061,lens1,0,176,0
1062,lens1,10,177,450.0
1063,lens1,9,177,450.0
1064,lens1,0,177,0
1065,lens1,1,177,450.0
1066,lens1,0,177,0
1067,lens1,0,177,0
1068,lens1,10,178,450.0
1069,lens1,9,178,450.0
1070,lens1,0,178,0
1071,lens1,1,178,450.0
1072,lens1,0,178,0
1073,lens1,0,178,0
1074,lens1,10,179,450.0
1075,lens1,9,179,450.0
1076,lens1,0,179,0
1077,lens1,1,179,450.0
1078,lens1,0,179,0
1079,lens1,0,179,0
1080,lens1,10,180,450.0
1081,lens1,9,180,450.0
1082,lens1,0,180,0
1083,lens1,1,180,450.0
1084,lens1,0,180,0
1085,lens1,0,180,0
1086,lens1,10,181,450.0
1087,lens1,9,181,450.0
1088,lens1,0,181,0
1089,lens1,1,181,450.0
1090,lens1,0,181,0
1091,lens1,0,181,0
1092,lens1,10,182,450.0
1093,lens1,9,182,450.0
1094,lens1,0,182,0
1095,lens1,1,182,450.0
1096,lens1,0,182,0
1097,lens1,0,182,0
1098,lens1,10,183,450.0
1099,lens1,7,183,450.0
1100,lens1,0,183,0
1101,lens1,1,183,450.0
1102,lens1,0,183,0
1103,lens1,0,183,0
1104,lens1,10,184,450.0
1105,lens1,9,184,450.0
1106,lens1,0,184,0
1107,lens1,1,184,450.0
1108,lens1,0,184,0
1109,lens1,0,184,0
1110,lens1,10,185,450.0
1111,lens1,9,185,450.0
1112,lens1,0,185,0
1113,lens1,1,185,450.0
1114,lens1,0,185,0
1115,lens1,0,185,0
1116,lens1,10,186,450.0
1117,lens1,9,186,450.0
1118,lens1,0,186,0
1119,lens1,1,186,450.0
1120,lens1,0,186,0
1121,lens1,0,186,0
1122,lens1,10,187,450.0
1123,lens1,9,187,450.0
1124,lens1,0,187,0
1125,lens1,1,187,450.0
1126,lens1,0,187,0
1127,lens1,0,187,0
1128,lens1,10,188,450.0
1129,lens1,9,188,450.0
1130,lens1,0,188,0
1131,lens1,1,188,450.0
1132,lens1,0,188,0
1133,lens1,0,188,0
1134,lens1,10,189,450.0
1135,lens1,9,189,450.0
1136,lens1,0,189,0
1137,lens1,1,189,450.0
1138,lens1,0,189,0
1139,lens1,0,189,0
1140,lens1,10,190,450.0
1141,lens1,9,190,450.0
1142,lens1,0,190,0
1143,lens1,1,190,450.0
1144,lens1,0,190,0
1145,lens1,0,190,0
1146,lens1,10,191,450.0
1147,lens1,9,191,450.0
1148,lens1,0,191,0
1149,lens1,1,191,450.0
1150,lens1,0,191,0
1151,lens1,0,191,0
1152,lens1,10,192,500.0
1153,lens1,9,192,500.0
1154,lens1,0,192,0
1155,lens1,1,192,500.0
1156,lens1,0,192,0
1157,lens1,0,192,0
1158,lens1,10,193,500.0
1159,lens1,9,193,500.0
1160,lens1,0,193,0
1161,lens1,1,193,500.0
1162,lens1,0,193,0
1163,lens1,0,193,0
1164,lens1,10,194,500.0
1165,lens1,9,194,500.0
1166,lens1,0,194,0
1167,lens1,1,194,500.0
1168,lens1,0,194,0
1169,lens1,0,194,0
1170,lens1,10,195,500.0
1171,lens1,9,195,500.0
1172,lens1,0,195,0
1173,lens1,1,195,500.0
1174,lens1,0,195,0
1175,lens1,0,195,0
1176,lens1,10,196,500.0
1177,lens1,9,196,500.0
1178,lens1,0,196,0
1179,lens1,1,196,500.0
1180,lens1,0,196,0
1181,lens1,0,196,0
1182,lens1,7,197,500.0
1183,lens1,4,197,500.0
1184,lens1,0,197,0
1185,lens1,1,197,500.0
1186,lens1,0,197,0
1187,lens1,0,197,0
1188,lens1,6,198,500.0
1189,lens1,4,198,500.0
1190,lens1,0,198,0
1191,lens1,1,198,500.0
1192,lens1,0,198,0
1193,lens1,0,198,0
1194,lens1,10,199,500.0
1195,lens1,9,199,500.0
1196,lens1,0,199,0
1197,lens1,1,199,500.0
1198,lens1,0,199,0
1199,lens1,0,199,0
1200,lens1,10,200,500.0
1201,lens1,9,200,500.0
1202,lens1,0,200,0
1203,lens1,1,200,500.0
1204,lens1,0,200,0
1205,lens1,0,200,0
1206,lens1,10,201,500.0
1207,lens1,9,201,500.0
1208,lens1,0,201,0
1209,lens1,1,201,500.0
1210,lens1,0,201,0
1211,lens1,0,201,0
1212,lens1,10,202,500.0
1213,lens1,9,202,500.0
1214,lens1,0,202,0
1215,lens1,1,202,500.0
1216,lens1,0,202,0
1217,lens1,0,202,0
1218,lens1,10,203,500.0
1219,lens1,9,203,500.0
1220,lens1,0,203,0
1221,lens1,1,203,500.0
1222,lens1,0,203,0
1223,lens1,0,203,0
1224,lens1,10,204,500.0
1225,lens1,9,204,500.0
1226,lens1,0,204,0
1227,lens1,1,204,500.0
1228,lens1,0,204,0
1229,lens1,0,204,0
1230,lens1,10,205,500.0
1231,lens1,9,205,500.0
1232,lens1,0,205,0
1233,lens1,1,205,500.0
1234,lens1,0,205,0
1235,lens1,0,205,0
1236,lens1,10,206,500.0
1237,lens1,9,206,500.0
1238,lens1,0,206,0
1239,lens1,1,206,500.0
1240,lens1,0,206,0
1241,lens1,0,206,0
1242,lens1,10,207,500.0
1243,lens1,9,207,500.0
1244,lens1,0,207,0
1245,lens1,1,207,500.0
1246,lens1,0,207,0
1247,lens1,0,207,0
1248,lens1,10,208,500.0
1249,lens1,9,208,500.0
1250,lens1,0,208,0
1251,lens1,1,208,500.0
1252,lens1,0,208,0
1253,lens1,0,208,0
1254,lens1,10,209,500.0
1255,lens1,9,209,500.0
1256,lens1,0,209,0
1257,lens1,1,209,500.0
1258,lens1,0,209,0
1259,lens1,0,209,0
1260,lens1,10,210,500.0
1261,lens1,9,210,500.0
1262,lens1,0,210,0
1263,lens1,1,210,500.0
1264,lens1,0,210,0
1265,lens1,0,210,0
1266,lens1,10,211,500.0
1267,lens1,9,211,500.0
1268,lens1,0,211,0
1269,lens1,1,211,500.0
1270,lens1,0,211,0
1271,lens1,0,211,0
1272,lens1,10,212,500.0
1273,lens1,9,212,500.0
1274,lens1,0,212,0
1275,lens1,1,212,500.0
1276,lens1,0,212,0
1277,lens1,0,212,0
1278,lens1,10,213,500.0
1279,lens1,9,213,500.0
1280,lens1,0,213,0
1281,lens1,1,213,500.0
1282,lens1,0,213,0
1283,lens1,0,213,0
1284,lens1,10,214,500.0
1285,lens1,9,214,500.0
1286,lens1,0,214,0
1287,lens1,1,214,500.0
1288,lens1,0,214,0
1289,lens1,0,214,0
1290,lens1,1,215,500.0
1291,lens1,6,215,500.0
1292,lens1,0,215,0
1293,lens1,2,215,500.0
1294,lens1,1,215,500.0
1295,lens1,0,215,0
1296,lens1,2,216,500.0
1297,lens1,6,216,500.0
1298,lens1,0,216,0
1299,lens1,1,216,500.0
1300,lens1,0,216,0
1301,lens1,0,216,0
1302,lens1,10,217,500.0
1303,lens1,9,217,500.0
1304,lens1,0,217,0
1305,lens1,1,217,500.0
1306,lens1,0,217,0
1307,lens1,0,217,0
1308,lens1,10,218,500.0
1309,lens1,9,218,500.0
1310,lens1,0,218,0
1311,lens1,1,218,500.0
1312,lens1,0,218,0
1313,lens1,0,218,0
1314,lens1,10,219,500.0
1315,lens1,9,219,500.0
1316,lens1,0,219,0
1317,lens1,1,219,500.0
1318,lens1,0,219,0
1319,lens1,0,219,0
1320,lens1,10,220,500.0
1321,lens1,9,220,500.0
1322,lens1,0,220,0
1323,lens1,1,220,500.0
1324,lens1,0,220,0
1325,lens1,0,220,0
1326,lens1,10,221,500.0
1327,lens1,9,221,500.0
1328,lens1,0,221,0
1329,lens1,1,221,500.0
1330,lens1,0,221,0
1331,lens1,0,221,0
1332,lens1,10,222,500.0
1333,lens1,9,222,500.0
1334,lens1,0,222,0
1335,lens1,1,222,500.0
1336,lens1,0,222,0
1337,lens1,0,222,0
1338,lens1,7,223,500.0
1339,lens1,0,223,0
1340,lens1,0,223,0
1341,lens1,0,223,0
1342,lens1,0,223,0
1343,lens1,0,223,0
1344,lens1,7,224,350.0
1345,lens1,2,224,480.3293211254342
1346,lens1,0,224,0
1347,lens1,0,224,0
1348,lens1,0,224,0
1349,lens1,0,224,0
1350,lens1,10,225,350.0
1351,lens1,9,225,350.0
1352,lens1,0,225,0
1353,lens1,1,225,350.0
1354,lens1,0,225,0
1355,lens1,0,225,0
1356,lens1,10,226,350.0
1357,lens1,9,226,350.0
1358,lens1,0,226,0
1359,lens1,1,226,350.0
1360,lens1,0,226,0
1361,lens1,0,226,0
1362,lens1,10,227,350.0
1363,lens1,9,227,350.0
1364,lens1,0,227,0
1365,lens1,1,227,350.0
1366,lens1,0,227,0
1367,lens1,0,227,0
1368,lens1,10,228,350.0
1369,lens1,9,228,350.0
1370,lens1,0,228,0
1371,lens1,1,228,350.0
1372,lens1,0,228,0
1373,lens1,0,228,0
1374,lens1,10,229,350.0
1375,lens1,9,229,350.0
1376,lens1,0,229,0
1377,lens1,1,229,350.0
1378,lens1,0,229,0
1379,lens1,0,229,0
1380,lens1,10,230,350.0
1381,lens1,9,230,350.0
1382,lens1,0,230,0
1383,lens1,1,230,350.0
1384,lens1,0,230,0
1385,lens1,0,230,0
1386,lens1,10,231,350.0
1387,lens1,9,231,350.0
1388,lens1,0,231,0
1389,lens1,1,231,350.0
1390,lens1,0,231,0
1391,lens1,0,231,0
1392,lens1,10,232,350.0
1393,lens1,9,232,350.0
1394,lens1,0,232,0
1395,lens1,1,232,350.0
1396,lens1,0,232,0
1397,lens1,0,232,0
1398,lens1,10,233,350.0
1399,lens1,9,233,350.0
1400,lens1,0,233,0
1401,lens1,1,233,350.0
1402,lens1,0,233,0
1403,lens1,0,233,0
1404,lens1,10,234,350.0
1405,lens1,9,234,350.0
1406,lens1,0,234,0
1407,lens1,1,234,350.0
1408,lens1,0,234,0
1409,lens1,0,234,0
1410,lens1,10,235,350.0
1411,lens1,9,235,350.0
1412,lens1,0,235,0
1413,lens1,1,235,350.0
1414,lens1,0,235,0
1415,lens1,0,235,0
1416,lens1,10,236,350.0
1417,lens1,9,236,350.0
1418,lens1,0,236,0
1419,lens1,1,236,350.0
1420,lens1,0,236,0
1421,lens1,0,236,0
1422,lens1,10,237,350.0
1423,lens1,9,237,350.0
1424,lens1,0,237,0
1425,lens1,1,237,350.0
1426,lens1,0,237,0
1427,lens1,0,237,0
1428,lens1,10,238,350.0
1429,lens1,9,238,350.0
1430,lens1,0,238,0
1431,lens1,1,238,350.0
1432,lens1,0,238,0
1433,lens1,0,238,0
1434,lens1,10,239,350.0
1435,lens1,9,239,350.0
1436,lens1,0,239,0
1437,lens1,1,239,350.0
1438,lens1,0,239,0
1439,lens1,0,239,0
1440,lens1,10,240,350.0
1441,lens1,9,240,350.0
1442,lens1,0,240,0
1443,lens1,1,240,350.0
1444,lens1,0,240,0
1445,lens1,0,240,0
1446,lens1,10,241,350.0
1447,lens1,9,241,350.0
1448,lens1,0,241,0
1449,lens1,1,241,350.0
1450,lens1,0,241,0
1451,lens1,0,241,0
1452,lens1,10,242,350.0
1453,lens1,9,242,350.0
1454,lens1,0,242,0
1455,lens1,1,242,350.0
1456,lens1,0,242,0
1457,lens1,0,242,0
1458,lens1,10,243,350.0
1459,lens1,9,243,350.0
1460,lens1,0,243,0
1461,lens1,1,243,350.0
1462,lens1,0,243,0
1463,lens1,0,243,0
1464,lens1,10,244,350.0
1465,lens1,9,244,350.0
1466,lens1,0,244,0
1467,lens1,1,244,350.0
1468,lens1,0,244,0
1469,lens1,0,244,0
1470,lens1,10,245,350.0
1471,lens1,9,245,350.0
1472,lens1,0,245,0
1473,lens1,1,245,350.0
1474,lens1,0,245,0
1475,lens1,0,245,0
1476,lens1,10,246,350.0
1477,lens1,9,246,350.0
1478,lens1,0,246,0
1479,lens1,1,246,350.0
1480,lens1,0,246,0
1481,lens1,0,246,0
1482,lens1,10,247,350.0
1483,lens1,9,247,350.0
1484,lens1,0,247,0
1485,lens1,1,247,350.0
1486,lens1,0,247,0
1487,lens1,0,247,0
1488,lens1,10,248,350.0
1489,lens1,9,248,350.0
1490,lens1,0,248,0
1491,lens1,1,248,350.0
1492,lens1,0,248,0
1493,lens1,0,248,0
1494,lens1,6,249,350.0
1495,lens1,9,249,350.0
1496,lens1,0,249,0
1497,lens1,1,249,350.0
1498,lens1,0,249,0
1499,lens1,0,249,0
1500,lens1,10,250,350.0
1501,lens1,9,250,350.0
1502,lens1,0,250,0
1503,lens1,1,250,350.0
1504,lens1,0,250,0
1505,lens1,0,250,0
1506,lens1,10,251,350.0
1507,lens1,9,251,350.0
1508,lens1,0,251,0
1509,lens1,1,251,350.0
1510,lens1,0,251,0
1511,lens1,0,251,0
1512,lens1,10,252,350.0
1513,lens1,9,252,350.0
1514,lens1,0,252,0
1515,lens1,1,252,350.0
1516,lens1,0,252,0
1517,lens1,0,252,0
1518,lens1,10,253,350.0
1519,lens1,9,253,350.0
1520,lens1,0,253,0
1521,lens1,1,253,350.0
1522,lens1,0,253,0
1523,lens1,0,253,0
1524,lens1,10,254,350.0
1525,lens1,9,254,350.0
1526,lens1,0,254,0
1527,lens1,1,254,350.0
1528,lens1,0,254,0
1529,lens1,0,254,0
1530,lens1,10,255,350.0
1531,lens1,9,255,350.0
1532,lens1,0,255,0
1533,lens1,1,255,350.0
1534,lens1,0,255,0
1535,lens1,0,255,0
1536,lens1,10,256,700.0
1537,lens1,9,256,700.0
1538,lens1,0,256,0
1539,lens1,1,256,700.0
1540,lens1,0,256,0
1541,lens1,0,256,0
1542,lens1,10,257,700.0
1543,lens1,9,257,700.0
1544,lens1,0,257,0
1545,lens1,1,257,700.0
1546,lens1,0,257,0
1547,lens1,0,257,0
1548,lens1,10,258,700.0
1549,lens1,9,258,700.0
1550,lens1,0,258,0
1551,lens1,1,258,700.0
1552,lens1,0,258,0
1553,lens1,0,258,0
1554,lens1,10,259,700.0
1555,lens1,9,259,700.0
1556,lens1,0,259,0
1557,lens1,1,259,700.0
1558,lens1,0,259,0
1559,lens1,0,259,0
1560,lens1,10,260,700.0
1561,lens1,9,260,700.0
1562,lens1,0,260,0
1563,lens1,1,260,700.0
1564,lens1,0,260,0
1565,lens1,0,260,0
1566,lens1,10,261,700.0
1567,lens1,9,261,700.0
1568,lens1,0,261,0
1569,lens1,1,261,700.0
1570,lens1,0,261,0
1571,lens1,0,261,0
1572,lens1,10,262,700.0
1573,lens1,9,262,700.0
1574,lens1,0,262,0
1575,lens1,1,262,700.0
1576,lens1,0,262,0
1577,lens1,0,262,0
1578,lens1,10,263,700.0
1579,lens1,9,263,700.0
1580,lens1,0,263,0
1581,lens1,1,263,700.0
1582,lens1,0,263,0
1583,lens1,0,263,0
1584,lens1,10,264,700.0
1585,lens1,9,264,700.0
1586,lens1,0,264,0
1587,lens1,1,264,700.0
1588,lens1,0,264,0
1589,lens1,0,264,0
1590,lens1,6,265,700.0
1591,lens1,4,265,700.0
1592,lens1,0,265,0
1593,lens1,1,265,700.0
1594,lens1,0,265,0
1595,lens1,0,265,0
1596,lens1,10,266,700.0
1597,lens1,9,266,700.0
1598,lens1,0,266,0
1599,lens1,1,266,700.0
1600,lens1,0,266,0
1601,lens1,0,266,0
1602,lens1,10,267,700.0
1603,lens1,9,267,700.0
1604,lens1,0,267,0
1605,lens1,1,267,700.0
1606,lens1,0,267,0
1607,lens1,0,267,0
1608,lens1,10,268,700.0
1609,lens1,9,268,700.0
1610,lens1,0,268,0
1611,lens1,1,268,700.0
1612,lens1,0,268,0
1613,lens1,0,268,0
1614,lens1,10,269,700.0
1615,lens1,9,269,700.0
1616,lens1,0,269,0
1617,lens1,1,269,700.0
1618,lens1,0,269,0
1619,lens1,0,269,0
1620,lens1,10,270,700.0
1621,lens1,9,270,700.0
1622,lens1,0,270,0
1623,lens1,1,270,700.0
1624,lens1,0,270,0
1625,lens1,0,270,0
1626,lens1,10,271,700.0
1627,lens1,9,271,700.0
1628,lens1,0,271,0
1629,lens1,1,271,700.0
1630,lens1,0,271,0
1631,lens1,0,271,0
1632,lens1,10,272,700.0
1633,lens1,9,272,700.0
1634,lens1,0,272,0
1635,lens1,1,272,700.0
1636,lens1,0,272,0
1637,lens1,0,272,0
1638,lens1,10,273,700.0
1639,lens1,9,273,700.0
1640,lens1,0,273,0
1641,lens1,1,273,700.0
1642,lens1,0,273,0
1643,lens1,0,273,0
1644,lens1,10,274,700.0
1645,lens1,9,274,700.0
1646,lens1,0,274,0
1647,lens1,1,274,700.0
1648,lens1,0,274,0
1649,lens1,0,274,0
1650,lens1,10,275,700.0
1651,lens1,9,275,700.0
1652,lens1,0,275,0
1653,lens1,1,275,700.0
1654,lens1,0,275,0
1655,lens1,0,275,0
1656,lens1,10,276,700.0
1657,lens1,9,276,700.0
1658,lens1,0,276,0
1659,lens1,1,276,700.0
1660,lens1,0,276,0
1661,lens1,0,276,0
1662,lens1,10,277,700.0
1663,lens1,9,277,700.0
1664,lens1,0,277,0
1665,lens1,1,277,700.0
1666,lens1,0,277,0
1667,lens1,0,277,0
1668,lens1,10,278,700.0
1669,lens1,9,278,700.0
1670,lens1,0,278,0
1671,lens1,1,278,700.0
1672,lens1,0,278,0
1673,lens1,0,278,0
1674,lens1,10,279,700.0
1675,lens1,9,279,700.0
1676,lens1,0,279,0
1677,lens1,1,279,700.0
1678,lens1,0,279,0
1679,lens1,0,279,0
1680,lens1,10,280,700.0
1681,lens1,9,280,700.0
1682,lens1,0,280,0
1683,lens1,1,280,700.0
1684,lens1,0,280,0
1685,lens1,0,280,0
1686,lens1,10,281,700.0
1687,lens1,9,281,700.0
1688,lens1,0,281,0
1689,lens1,1,281,700.0
1690,lens1,0,281,0
1691,lens1,0,281,0
1692,lens1,10,282,700.0
1693,lens1,9,282,700.0
1694,lens1,0,282,0
1695,lens1,1,282,700.0
1696,lens1,0,282,0
1697,lens1,0,282,0
1698,lens1,10,283,700.0
1699,lens1,9,283,700.0
1700,lens1,0,283,0
1701,lens1,1,283,700.0
1702,lens1,0,283,0
1703,lens1,0,283,0
1704,lens1,10,284,700.0
1705,lens1,9,284,700.0
1706,lens1,0,284,0
1707,lens1,1,284,700.0
1708,lens1,0,284,0
1709,lens1,0,284,0
1710,lens1,10,285,700.0
1711,lens1,9,285,700.0
1712,lens1,0,285,0
1713,lens1,1,285,700.0
1714,lens1,0,285,0
1715,lens1,0,285,0
